{
    "w1": [
        [
            3.233976,
            5.4853873
        ],
        [
            3.2859702,
            5.9581933
        ]
    ],
    "b1": [
        -4.733252,
        -1.8584354
    ],
    "w2": [
        -5.3488207,
        6.0077114
    ],
    "b2": -3.0402226
}