{"w1":[[-2.259474,4.3276925],[5.254351,5.8988442]],"b1":[1.5818849,-0.77346945],"w2":[-3.776403,4.7647514],"b2":-1.1425238}